District,SiteName,orgUnit,Phone,Trigger,Quota
Balaka District,Balaka District Hospital,j5oOLMizv5z,265994942266.0,1,3.0
Balaka District,Balaka Dream Clinic,LGgn98LBbLd,,0,
Balaka District,Balaka Opd Health Centre,jqrPuUmg6s7,,0,
Balaka District,Chiendausiku Health Centre,CRh3FO2zYXj,,0,
Balaka District,Chimatilo Health Centre,bgxJVBAiqdV,,1,4.0
Balaka District,Comfort Clinic,hUzVx0gGEbD,,0,
Balaka District,Kalembo Health Centre,e2BbPCS6onK,,1,4.0
Balaka District,Kankao Health Centre,vw3aBKn9gr8,,0,
Balaka District,Kwitanda Health Centre,Oe3ZB55rHMM,,0,
Balaka District,Mbera Health Centre,PUNjOIGVl51,,0,
Balaka District,Namanolo Health Centre,gsubf9MpEjh,,0,
Balaka District,Namdumbo Health Centre,BwEg8sO4JcM,,0,
Balaka District,Phalula Health Centre,vOFr1Y5AGDM,,0,
Balaka District,Phimbi Health Centre,gNVHEwQJXfu,,0,
Balaka District,Ulongwe Health Centre,wt2ifn34fbh,,0,
Balaka District,Utale 1 Health Centre,UsoYnNpdr3p,,0,
Balaka District,Utale 2 Health Centre,UfM4EKshWgf,,0,
Blantyre District,Amecca Chilaweni Health Centre,Qqi2VgL45aP,,0,
Blantyre District,Bangwe Health Centre,CooUqWcmf7G,,0,
Blantyre District,Bangwe Madina Health Centre,fY0UjBQmlCZ,,0,
Blantyre District,Blantyre Adventist Hospital,AdCNm3oMcPb,,0,
Blantyre District,Blantyre City Assembly Clinic,t3w5ziabXaq,,0,
Blantyre District,Blantyre Dream Project,yx1Vb0LHU0Q,,0,
Blantyre District,Blantyre Water Board Clinic,jXklNOGY5DG,,0,
Blantyre District,Blm Lunzu,Hjy27sGrC9h,,0,
Blantyre District,Carlsberg / Sobo Clinic Blantyre,wFF5AKgL8OJ,,0,
Blantyre District,Central East African Railways Clinic,qV3zftLuBOo,,0,
Blantyre District,Chavala Health Centre,HQs3DdEtFWL,,0,
Blantyre District,Chichiri Escom Clinic,VUDZNN4khdx,,0,
Blantyre District,Chichiri Prison Clinic,ba5wENq4nvr,,0,
Blantyre District,Chikowa Health Centre,HZWcSG1nCko,,0,
Blantyre District,Chileka Health Centre Blantyre,A4wKSW3JCSa,,0,
Blantyre District,Chileka Sda Health Centre,sTRVC9nwydA,,0,
Blantyre District,Chilomoni Health Centre,ZNas7N99VV9,,0,
Blantyre District,Chilomoni Private Clinic,UZgprewQxKn,,0,
Blantyre District,Chimembe Health Centre,x6AuCKiVUiu,,0,
Blantyre District,Chirimba Health Centre,FZGZ1KiZbSB,,0,
Blantyre District,Chitawira Private Hospital,DK51GWfw23i,,0,
Blantyre District,Dziwe Health Centre,GbEISHbiYFR,,0,
Blantyre District,El-barakah Private Clinic,GQeLfTlJS9T,,0,
Blantyre District,Gateway Clinic,rmF1Va9ka8y,,0,
Blantyre District,Kadidi Health Centre,RWxc4UXRC5n,,0,
Blantyre District,Kanjedza Police Clinic,WeUGt5ZQKsb,,0,
Blantyre District,Kapeni Dream Centre,wDcmsIMGzva,,0,
Blantyre District,Lafarge Cement Clinic,t2PLWXfIt5X,,0,
Blantyre District,Limbe Diagnostic Centre,hIo3gD9KH0P,,0,
Blantyre District,Limbe Health Centre,tx1JpvVodyr,,0,
Blantyre District,Limbe Leaf Tobacco Clinic Limbe,YS1oS4MFtIL,,0,
Blantyre District,Lirangwe Health Centre,n6SzPXk9Lfn,,0,
Blantyre District,Lumbira / Mitsidi Health Centre,mmd1wQLXsSA,,0,
Blantyre District,Lundu Health Centre,lbEEzf3qHMe,,0,
Blantyre District,Macro Blantyre,gz0w6YH0kdk,,0,
Blantyre District,Madziabango Health Centre,IsSEtSq2Omo,,0,
Blantyre District,Makata Dispensary Ndirande,S4cgVbvfBX3,,0,
Blantyre District,Makata Health Centre Lunzu,JJFFoU2ujs6,,0,
Blantyre District,Makhetha Clinic,qk4qLxCWxHr,,0,
Blantyre District,Malabada Health Centre,cqqwXcj60bP,,0,
Blantyre District,Malamulo Day Clinic,yg5ZmNNTsYV,,0,
Blantyre District,Malmed Private Clinic,KmrBHDy2zHs,,0,
Blantyre District,Masm Medi Clinic Limbe,qIQTrfJNzRb,,0,
Blantyre District,Mbayani Health Centre,phww7qBpguW,,0,
Blantyre District,Mdeka Health Centre,LAI4PuMbYyS,,0,
Blantyre District,Medicare City Centre Clinic / City Centre Clinic / Makadam Pvt Clinic,EfwWfNUJtK9,,0,
Blantyre District,Merit Private Clinic,UjnHkll4Ric,,0,
Blantyre District,Mlambe Mission Hospital,fCenBEM3azP,,0,
Blantyre District,Moyo Private Clinic,qpjPbCbHhQD,,0,
Blantyre District,Mpemba Health Centre,aQUurHukUJx,,0,
Blantyre District,Mpingo Maternity,rofcZwhQYKq,,0,
Blantyre District,Mtengoumodzi Private Hospital,VazHm0tvRld,,0,
Blantyre District,Mwachira Private Clinic,rWNElxll8OJ,,0,
Blantyre District,Mwaiwathu Private Hospital,B3yLbs3Mf0t,,0,
Blantyre District,Namikoko Health Centre,ZYvma6TpIeb,,0,
Blantyre District,Nancholi Youth Organisation Clinic,SezPNS4DhNV,,0,
Blantyre District,Ndirande Health Centre,GuUkccewsPR,,0,
Blantyre District,Nyambadwe Private Hospital,l91EWLaOkTa,,0,
Blantyre District,Pace Clinic,VA3cOFOp946,,0,
Blantyre District,Pensulo Health Centre,RTCVrLT7q3p,,0,
Blantyre District,Polytechnic Blantyre,Tu3YgJzWJVk,,0,
Blantyre District,Queen Elizabeth Central Hospital,WyR9o3jpM9C,,0,
Blantyre District,Sanjika Clinic,FDOWaYNk3K3,,0,
Blantyre District,Shifa Private Clinic,bQV8kZLsIjz,,0,
Blantyre District,Soche Adventist Health Centre,GSpbTV54SFc,,0,
Blantyre District,Soche Maternity,eMkB8rINqHL,,0,
Blantyre District,Sos Childrens Village Blantyre,IhN9iX3tDEz,,0,
Blantyre District,South Lunzu Health Centre,LLZwxT5CUfj,,0,
Blantyre District,St Vincent Health Centre Chadzunda,SqYC7SqkSyi,,0,
Blantyre District,Umunthu Foundation Clinic,bzYOGrw0YRD,,0,
Blantyre District,Zingwangwa Health Centre,PgpKPleTPRw,,0,
Chikwawa District,Alumenda Health Centre,yf93HTjRw9z,,0,
Chikwawa District,Bereu Health Post,I0L4zvdK97V,,0,
Chikwawa District,Chapananga Health Centre,nx8QmsoQiVh,,0,
Chikwawa District,Chikwawa District Hospital,ZK76naYpsjE,,0,
Chikwawa District,Chipwaila Health Centre,MSvgSkoe3Xf,,0,
Chikwawa District,Chithumba Health Centre,TIZZsaGyiGt,,0,
Chikwawa District,Dolo Health Centre,VuHnRZsna4v,,0,
Chikwawa District,Gaga Health Centre,ZGxaUrCH1vm,,0,
Chikwawa District,Kakoma Health Centre,elDO6325yqP,,0,
Chikwawa District,"Kalulu Health Centre, Chikwawa",khfUcBukrej,,0,
Chikwawa District,Kapichira Escom Clinic,LBno2X3ohcL,,0,
Chikwawa District,Lengwe Health Centre,P7S0dAN293b,,0,
Chikwawa District,Majete (epicenter) Health Centre,k8TGVSA8mEp,,0,
Chikwawa District,Makhwira Health Centre,B9JbSl6F2kO,,0,
Chikwawa District,Mangulenje Health Centre,OU7RmYIVYCL,,0,
Chikwawa District,Mapelera Health Centre,i7n1DrECMwK,,0,
Chikwawa District,Mfera Health Centre,ZsikdUHyvcr,,0,
Chikwawa District,Misomali Health Centre,T8LEmfI7lJc,,0,
Chikwawa District,Mkumaniza Health Centre,c1xOB0UBpV5,,0,
Chikwawa District,Mwanza Clinic Area 3,hfQ6nvvWlSi,,0,
Chikwawa District,Ndakwera Health Centre,rstr767pklc,,0,
Chikwawa District,Ngabu Rural Hospital,kZfB5qlTEgo,,0,
Chikwawa District,Ngabu Sda Health Centre,NZHtjdOmoWx,,0,
Chikwawa District,Nkombedzi Health Centre,WNgrxY7PWtl,,0,
Chikwawa District,St Montfort Hospital,vDrU8pIIoEJ,,0,
Chikwawa District,Sucoma Clinic Illovo,wYMRphc1pOA,,0,
Chiradzulu District,Akasale Private Clinic,irQWePeP9BJ,,0,
Chiradzulu District,Bilal Clinic,GRK2GD3d8uT,,0,
Chiradzulu District,Chimwawa Health Centre,ve6fYWTLxJY,,0,
Chiradzulu District,Chiradzulu District Hospital,d8xhgBmMSI4,,0,
Chiradzulu District,Chitera Health Centre,VXjHH6yoaus,,0,
Chiradzulu District,Mauwa Health Centre,LmrFjDbai4v,,0,
Chiradzulu District,Mbulumbuzi Health Centre,ZOpscGe44vM,,0,
Chiradzulu District,Milepa Health Centre,yLhqarz1kOI,,0,
Chiradzulu District,Namadzi Health Centre,OBvCym1Pqde,,0,
Chiradzulu District,Namitambo Health Centre,Fyda2yZ44Iq,,0,
Chiradzulu District,Ndunde Health Centre,ZvWkYyx12hH,,0,
Chiradzulu District,Nkalo Health Centre,Us2aD8gPXtW,,0,
Chiradzulu District,Pim Health Centre,UXdS4uutAG2,,0,
Chiradzulu District,St Joseph Mission Hospital Nguludi,mBkkxZgYE8U,,0,
Chiradzulu District,Thumbwe Health Centre,OAywFys9r4q,,0,
Chitipa District,Chambo Health Centre,SAUJ7oHg7Dl,,0,
Chitipa District,Chisasu Health Post,JV6DtDVMArz,,0,
Chitipa District,Chitipa District Hospital Umoyo Clinic,HLtGfGzGlxC,,0,
Chitipa District,Ifumbo Health Centre,CUuvrhzXkgP,,0,
Chitipa District,Kameme Health Centre,POo8K72YgkY,,0,
Chitipa District,Kapenda Health Centre,K9u9BIAaJJT,,0,
Chitipa District,Kaseye Mission Hospital,H9UntjoY2Ln,,0,
Chitipa District,Mahowe Health Centre,MxwCqnysvVZ,,0,
Chitipa District,Misuku Health Centre,rUzPbKMYWiU,,0,
Chitipa District,Nthalire Health Centre,FORa2v3yTrM,,0,
Chitipa District,Wenya Health Centre,oA5bOwzGhY3,,0,
Dedza District,Bembeke Health Centre,y7XbhFYnoJf,,0,
Dedza District,Chikuse Health Centre,B4gCnbB3Iqj,,0,
Dedza District,Chimoto Health Centre,ZcRnrJ4NcEo,,0,
Dedza District,Chiphwanya St Joseph Health Centre,WQTkjSXvQye,,0,
Dedza District,Chitowo Health Centre,NQx0WY7RzJc,,0,
Dedza District,Chongoni Health Centre,nRUE5blloaU,,0,
Dedza District,Dedza District Hospital,pweYpD8UTeR,,0,
Dedza District,Dzindevu Health Centre,mhLx3pRCN2A,,0,
Dedza District,Fpam Clinic Dedza,K7IRCYdEzkw,,0,
Dedza District,Golomoti Health Centre,WVUs8Qr0nGI,,0,
Dedza District,Kafele Health Centre,UVwf7ohlhwr,,0,
Dedza District,Kanyama Health Centre,yHBpOq74WL7,,0,
Dedza District,Kanyezi Health Centre,pwOTZVwNRVB,,0,
Dedza District,Kaphuka Health Centre,GvmmASl1tBF,,0,
Dedza District,Kasina Health Centre,KGZKJbBbsGW,,0,
Dedza District,Kaundu Health Centre,apO8kJCILpd,,0,
Dedza District,Lobi Rural Hospital,S6BaiGbG2ys,,0,
Dedza District,Matumba Health Centre,ejuNEMX51Lk,,0,
Dedza District,Mayani Health Centre,jNoPiIwXyHv,,0,
Dedza District,Mganja Health Centre,CWGNxDWPKTf,,0,
Dedza District,Mikondo Dispensary,YvuWBXPI8Ds,,0,
Dedza District,Mphati Health Centre,xPI0OD08Ybl,,0,
Dedza District,Mphunzi Health Centre,H7XKfE6a16Z,,0,
Dedza District,Mtakataka Health Centre,h6zXURMh7by,,1,3.0
Dedza District,Mtendere Health Centre,wZsEzdJHKVJ,,0,
Dedza District,Mua Mission Hospital,js3iK6QEI5Y,,0,
Dedza District,Nakalazi Health Centre,WbKFclzf4D2,,0,
Dedza District,Police College Health Centre Mua,Zd9rFhbW5JL,,0,
Dedza District,Tiyese Private Maternity,h66KU50ybcI,,0,
Dedza District,Tsoyo Dispensary,Ned4uoY0xnI,,0,
Dowa District,Bowe Health Centre,qTtCxpzecgo,,0,
Dowa District,Chakhadza Health Centre,rYCSvPVrSxQ,,0,
Dowa District,Chankhungu Health Centre,aWEB2Oq1K4E,,0,
Dowa District,Chinkhwiri Health Centre,PJ5pgj2GCo0,,0,
Dowa District,Chisepo Health Centre,UWTVMDsTSyC,,0,
Dowa District,Chizolowondo Health Centre,LdDupIlMQno,,0,
Dowa District,Dowa District Hospital,xm3LMHjXMf3,,0,
Dowa District,Dzaleka Health Centre,ep3l4uUtP95,,0,
Dowa District,Dzoole Health Centre,hUl88QRqo6h,,0,
Dowa District,Fpam Clinic Dowa,L8yXcV9dlth,,0,
Dowa District,Kasese Health Centre,X45oQulBX86,,0,
Dowa District,Kayembe Health Centre,PVboE7fZBsY,,0,
Dowa District,Madisi Mission Hospital,KQbg3cuB9pC,,0,
Dowa District,Mbingwa Health Centre,XJUM9JsUfhe,,0,
Dowa District,Mponela Rural Hospital,xLPtF021P2p,,0,
Dowa District,Msakambewa Health Centre,zv1mrg1xMqm,,0,
Dowa District,Mtengowanthenga Community Hospital,ztpzv4zmVds,,0,
Dowa District,Mtengowanthenga Dream Project,lr3cAqaN8Sr,,0,
Dowa District,Mvera Mission Hospital,Gq0IOrXmP9U,,0,
Dowa District,Mwangala Health Centre,irRYUgauumP,,0,
Dowa District,Nalunga Mafika Health Centre,JHNlgsfx8mr,,0,
Dowa District,Thonje Health Centre,tKDMDI07brf,,0,
Karonga District,Atupele Health Centre,YuQR6gkAOnP,,0,
Karonga District,Blm Karonga,tR1SW4hKIxz,,0,
Karonga District,Chilumba Rural Hospital,Vys0f0bNF6b,,0,
Karonga District,Fulirwa Health Centre,Ef4pupo8Zev,,0,
Karonga District,Iponga Health Centre,WCfFWutWnQy,,0,
Karonga District,Kaporo Rural Hospital,dX76VGizR2I,,0,
Karonga District,Karonga District Hospital,solEuXCXEYL,,0,
Karonga District,Kasoba Health Centre,H11Ez8zGWLP,,0,
Karonga District,Lupembe Health Centre,OrlGnewFkuu,,0,
Karonga District,Lwezga Health Centre,T74pgdeMBqw,,0,
Karonga District,Mpata Health Centre,d4CCTIpWuQ5,,0,
Karonga District,Ngana Health Centre,i1EAlggaEdC,,0,
Karonga District,Nyungwe Health Centre,hkfbWYUL3aO,,0,
Karonga District,Sangilo Health Centre,dloaZXdrIi2,,0,
Karonga District,St Anne's Health Centre,QViP0w8nclT,,0,
Karonga District,Wiliro Health Centre,eiHiV52J8Rw,,0,
Kasungu District,Bua Dispensary,keNlQEEwuHM,,0,
Kasungu District,Chamwabvi Dispensary,PA2gbFZ5tQq,,0,
Kasungu District,Chulu Health Centre,GJlnfcWfex6,,0,
Kasungu District,Dwangwa Health Centre,PpEwGMARrbq,,0,
Kasungu District,Fpam Clinic Kasungu,sRcLWryF3Qw,,0,
Kasungu District,Gogode Dispensary,TlRpHF7YleV,,0,
Kasungu District,Kalikeni Private Clinic,dz9FuWuqUOt,,0,
Kasungu District,Kaluluma Rural Hospital,UtN7nMUD2LQ,,0,
Kasungu District,Kamboni Health Centre,p8kT1BVjQSc,,0,
Kasungu District,Kamuzu Academy Clinic,AEiq74iqgW6,,0,
Kasungu District,Kapelula Health Centre,gecoTACZwcQ,,0,
Kasungu District,Kasalika Health Centre,LJnt7IGXTzp,,0,
Kasungu District,Kasungu District Hospital,dNntdchvNH0,,0,
Kasungu District,Kawamba Health Centre,xgYFtF70JtQ,,0,
Kasungu District,Khola Health Centre,HLbZywkPHSs,,0,
Kasungu District,Linyangwa Health Centre,CxQ0BICcVAD,,0,
Kasungu District,Lodjwa Health Centre,FQFfxhShecb,,0,
Kasungu District,Mdunga Health Centre,SHn9w8vtzDH,,0,
Kasungu District,Mkhota Rural Growth Health Centre,PklY7QOuW3O,,0,
Kasungu District,Mnyanja Health Centre,mBj2lmagvVd,,0,
Kasungu District,Mpepa Health Centre,y2stHB2IVxf,,0,
Kasungu District,Mtunthama Health Centre,LdFkBHansdP,,0,
Kasungu District,Nkhamenya Community Hospital,XzjrbI1uG8k,,0,
Kasungu District,Ofesi Dispensary,yB1RqBS74m3,,0,
Kasungu District,Santhe Health Centre,bGvaqtA7ng3,,0,
Kasungu District,Simulemba Health Centre,YtH4gIiBj42,,0,
Kasungu District,St Andrews Clinic,sWMBUbg7CIW,,0,
Kasungu District,St Augustine Health Centre,SCRtQhuKdGV,,0,
Kasungu District,St Faith Anglican Clinic,i9z3j9bOPJB,,0,
Kasungu District,Wimbe Health Centre,FXVLwK73Snt,,0,
Kasungu District,Yankho Private Clinic,fVGpT8XWc7i,,0,
Likoma District,St Mary's Chisumulu Health Centre,a1aCaY0dCfI,,0,
Likoma District,St Peters Mission Hospital,pENCIahAVsM,,0,
Lilongwe District,Achikondi Women Community Friendly  Services Clinic,FhQhjdiZXxo,,0,
Lilongwe District,Adventist Health Centre Lilongwe,vBeFvaNjQ01,,0,
Lilongwe District,African Bible College Clinic,RbyahJiEq5M,,0,
Lilongwe District,Alliance One Clinic,PN8NzabLRog,,0,
Lilongwe District,Area 18 Health Centre,FzFGgblkcvc,,0,
Lilongwe District,Area 18 Health Centre,FzFGgblkcvc,,0,
Lilongwe District,Area 18 Medi Clinic,IMcVulRMefh,,0,
Lilongwe District,Area 25 Health Centre,gzjMy3whANW,,0,
Lilongwe District,Area 25 Health Centre,gzjMy3whANW,,0,
Lilongwe District,Area 30 Police Clinic,AvlPlFJwwfC,,0,
Lilongwe District,Area 36 Private Clinic,yh9S2BgUSGx,,0,
Lilongwe District,Auction Holdings Limited Clinic Kanengo,LGUXMhWHrC8,,0,
Lilongwe District,Baylor Childrens Centre Of Excellence In Malawi,rg4Z4cN6tSL,,0,
Lilongwe District,Bethsaida Private Hospital,yYB2H89xnf0,,0,
Lilongwe District,Blessings Hospital,yzNfKqOwOpo,,0,
Lilongwe District,Bunda College,XXJdh0HhI85,,0,
Lilongwe District,Bwaila Hospital Martin Preuss Centre,LFnzIQ00XEB,,0,
Lilongwe District,Carlsberg / Sobo Clinic Lilongwe,pgCA2X83yjG,,0,
Lilongwe District,Central Health Clinic Area 47,PsB7R33fjCd,,0,
Lilongwe District,Chadza Health Centre,PjtcTWdDL0P,,0,
Lilongwe District,Chikowa Health Centre Lilongwe,m11XkhYyS87,,0,
Lilongwe District,Chileka Health Centre Lilongwe Static Art Static Art,HRjyuVmAj4K,,0,
Lilongwe District,Chilobwe Majiga Health Centre,Iar2te8333T,,0,
Lilongwe District,Chimbalanga Health Centre,z1d4mWwSdIu,,0,
Lilongwe District,Chioza Health Centre,SkFHsoaUBM0,,0,
Lilongwe District,Chitedze Health Centre,gDKXxH0HUan,,0,
Lilongwe District,Chiunjiza Health Centre,IuPTFIQzcGa,,0,
Lilongwe District,Chiwamba Health Centre,q3Sl04C7sua,,0,
Lilongwe District,City Centre Clinic,dNi9afMq3ga,,0,
Lilongwe District,Daeyang Luke Hospital Public,Gs4gBg5f3wD,,0,4.0
Lilongwe District,Diamphwi Health Centre,MEgAB7LjX8f,,0,
Lilongwe District,Dickson Health Centre,WVjGrAph3IY,,0,
Lilongwe District,Discovery Medi Clinic,E7nkdDs3Ugm,,0,
Lilongwe District,Dr David Livingstone Memorial Clinic,HEgR64K5gxC,,1,3.0
Lilongwe District,Dzenza Health Centre,ZpYaDay508L,,0,
Lilongwe District,Escom Clinic Lilongwe,xExS1cTNTl0,,0,
Lilongwe District,Fidelity Private Clinic,QWqNE1ZCLI4,,0,
Lilongwe District,Fpam Clinic Kawale,DlXETV03LkQ,,0,
Lilongwe District,Good Hope Private Clinic,P6WE2Ng6LQz,,0,
Lilongwe District,Jti Leaf Clinic Kanengo,Azn43ZbMTHg,,0,
Lilongwe District,Kabudula Rural Hospital,u0bITvuDhC7,,0,
Lilongwe District,Kachere Private Clinic,vvveNOFs8ZI,,0,
Lilongwe District,Kamuzu Central Hospital Opd1,xmmVH54PEq6,,0,
Lilongwe District,Kanengo Tobacco Processors Clinic,YJUYDLHUoJI,,0,
Lilongwe District,Kang'oma Health Centre,Ob5KnXVQynl,,0,
Lilongwe District,Katchale Health Centre,MdVhbHUPz9z,,0,
Lilongwe District,Kawale Health Centre,wHSMFt17hRk,,0,
Lilongwe District,Kawale Health Centre,wHSMFt17hRk,,0,
Lilongwe District,Kawale Medical Services,RW5BpQRrEmS,,0,
Lilongwe District,Khongoni Health Centre,UYaWhEDo5BU,,0,
Lilongwe District,Lighthouse,SWUWWIuk2qt,,0,
Lilongwe District,Likuni Mission Hospital,Ucq67SMC34p,,0,
Lilongwe District,Lilongwe City Assembly Chinsapo,zC2EhmSxVRu,,0,
Lilongwe District,Lilongwe Health Clinic,LEeu6jmpcOs,,0,
Lilongwe District,Lilongwe Private Clinic,uILnTolO9lP,,0,
Lilongwe District,Limbe Leaf Tobacco Clinic Lilongwe,n1EcePiOvrU,,0,
Lilongwe District,Lingadzi Private Clinic,X6rUK9TeUBg,,0,
Lilongwe District,Lumbadzi Health Centre,nt1b23X1jch,,0,
Lilongwe District,Macro Lilongwe,B7Iq9Y5cMBQ,,0,
Lilongwe District,Malembo Health Centre Lilongwe,UN8y5QiAv1c,,0,
Lilongwe District,Malingunde Health Centre,ZiH18jzDSLN,,0,
Lilongwe District,Maluwa Health Centre,T7yuWsBGhWP,,0,
Lilongwe District,Masm Area 43,nUQDisaIc7q,,0,
Lilongwe District,Masm Medi Clinic Lilongwe,FTdB9SZAvR1,,0,
Lilongwe District,Matapila Health Centre,RibcAeU68g8,,0,
Lilongwe District,Maula Prison Health Centre Static Art,RHzSTSMsZ0m,,0,
Lilongwe District,Maziko Private Clinic,cfKE98ebFza,,0,
Lilongwe District,Mbabvi Health Centre,LU1qTneIM6y,,0,
Lilongwe District,Mbang'ombe 1 Health Centre,QTeiRVSMLJw,,0,
Lilongwe District,Mbang'ombe 2 Health Centre,gHjwgZ9lbZC,,0,
Lilongwe District,Mbwatalika Health Centre,nUfzh6CUpny,,0,
Lilongwe District,Mcguire Wellness Center (child Legacy),WMOnMNVoqR1,,0,
Lilongwe District,Ming'ongo Health Centre,MBI80u8SX3d,,0,
Lilongwe District,Mitundu Community Hospital,EBRvme9qKSd,,0,
Lilongwe District,Mlale Mission Hospital,eVzZdG8IMHj,,0,
Lilongwe District,Mtenthera Health Centre,WlkaS1NPuCt,,0,
Lilongwe District,Nambuma Health Centre,rsirHYxi8Uy,,0,
Lilongwe District,Nathenje Health Centre,RiddCg9cVQA,,0,
Lilongwe District,Ndaula Health Centre,ocEzLuiZxoZ,,0,
Lilongwe District,New State House Dispensary,Q44GQmAstb0,,0,
Lilongwe District,Ngoni Health Centre,otD4vVJslko,,0,
Lilongwe District,Nkhalango Clinic,Lt7iUgA7ytl,,0,
Lilongwe District,Nkhoma Mission Hospital,raejDl95l5V,,0,
Lilongwe District,Nsaru Health Centre,vcdkrQzIoiT,,0,
Lilongwe District,Nthondo Health Centre Lilongwe,HN0oymPEF6l,,0,
Lilongwe District,Nyamanda Private Clinic,KgdU5DV39Fy,,0,
Lilongwe District,Partners In Hope Clinic Dalitso Clinic (private),Wiv7WLpOjrk,,0,
Lilongwe District,Partners In Hope Clinic Moyo Clinic (public),lFq7dDLyHT7,,0,
Lilongwe District,Ssh,Eg2XtX5NLqp,,0,
Lilongwe District,St Gabriel Mission Hospital,jjusJSFcXgQ,,0,
Lilongwe District,Tachira Private Clinic,yx00t4RuKBW,,0,
Lilongwe District,The Clinic,g5Jt4OkjqmP,,0,
Lilongwe District,Ukwe Health Centre,PQiArs8gavB,,0,
Lilongwe District,Umoyo Private Clinic,q81yRchT8gk,,0,
Machinga District,Chamba Dispensary,eDEgw4lpvOM,,0,
Machinga District,Chikweo Health Centre,WLMT2Q4qu0J,,0,
Machinga District,Gawanani Health Centre,Fxp9SXvdQvh,,0,
Machinga District,Kawinga Health Centre,DSBckAtJ8X4,,0,
Machinga District,Liwonde Medical Clinic,xzZsO5KeFwI,,0,
Machinga District,Machinga District Hospital,B4NsmRoDzrf,,0,
Machinga District,Machinga Health Centre,Rfbe6h1MsTZ,,0,
Machinga District,Mangamba Health Centre,Q25lZAKEIJO,,0,
Machinga District,Mbonechera Health Centre,Mj6dybPi4Me,,0,
Machinga District,Mkwepere Health Centre,bKpMi9NUZQX,,0,
Machinga District,Mlomba Health Centre,NW8OOj8y1cu,,0,
Machinga District,Mpiri Health Centre,p9T5yvZgTsk,,0,
Machinga District,Mposa Health Centre,moG3PxZNyok,,0,
Machinga District,Namandanje Health Centre,e57DRoUEQfu,,0,
Machinga District,Namanja Health Centre,UrbBeUGsurg,,0,
Machinga District,Nayinunje Health Centre,luG39H3YC7Z,,0,
Machinga District,Nayuchi Health Centre,D43o1nkDfIA,,0,
Machinga District,Ngokwe Health Centre,R9WY6oQqOWR,,0,
Machinga District,Nsanama Health Centre,DylNxt6lDnr,,0,
Machinga District,Ntaja Health Centre,qHizIQpzvaO,,0,
Machinga District,Ntholowa Health Centre,oERGBABn1A5,,0,
Machinga District,Nyambi Health Centre,KEnprjztZGP,,0,
Mangochi District,Assalaam Clinic,XjdkUTS83u0,,0,
Mangochi District,Billy Riordan Memorial Health Clinic,A4uzZtj9dIu,,0,
Mangochi District,Chikole Dispensary,GSDd9il6F7A,,0,
Mangochi District,Chilipa Health Centre Mangochi,jtJyJ6jd71t,,0,
Mangochi District,Chilonga Health Centre,fgeSuI68lF8,,0,
Mangochi District,Chiponde Health Centre,CNRkUDHpQBn,,0,
Mangochi District,Chiumbangame Health Centre,ekQFwogK0Pf,,0,
Mangochi District,Chiunda Health Centre,T7G3K1Z5PpF,,0,
Mangochi District,Iba Health Centre,nWfVAJFf2Ld,,0,
Mangochi District,Jalasi Health Centre,g61yooNfAx7,,0,
Mangochi District,Kadango Dispensary,OiyL45ypMAj,,0,
Mangochi District,Kapire Dream Centre,WNxa3XmhHca,,0,
Mangochi District,Katema Health Centre,Z2z0vgQNZKz,,0,
Mangochi District,Katuli Health Centre,uH0v3lLfulq,,0,
Mangochi District,Koche Health Centre,iL4dgJ33s9y,,0,
Mangochi District,Kukalanga Health Centre,L9FFlYvCCh1,,0,
Mangochi District,Lugola Health Centre,HmnDYb3nIFN,,0,
Mangochi District,Lulanga Health Centre,lpdlaHOpVbD,,0,
Mangochi District,Lungwena Health Centre,aO2CCK3xSWC,,0,
Mangochi District,Luwalika Health Centre,h44gc2fAE6n,,0,
Mangochi District,Makanjira Health Centre,dwxX2pJe644,,0,
Mangochi District,Maldeco Fisheries Clinic,uTcTUsCYJnY,,0,
Mangochi District,Malembo Health Centre Mangochi,EQVz8Xgsql1,,0,
Mangochi District,Malombe Health Centre,ETdVpYlG2Y6,,0,
Mangochi District,Malukula Health Centre,IFERBZxaWfe,,0,
Mangochi District,Mama Khadija Private Clinic Namwera,ILpQB8H5eKa,,0,
Mangochi District,Mangochi District Hospital,esk5lqBOjmr,,0,
Mangochi District,Mase Health Centre,C4b8JFRF1Cu,,0,
Mangochi District,Mkumba Health Centre,pN8km6gsQfp,,0,
Mangochi District,Monkeybay Community Hospital,Uqhu9BsRyV0,,0,
Mangochi District,Mpondasi Health Centre,w3kBrM7gLNV,,0,
Mangochi District,Mtimabii Health Centre,BlaVU7BKeRB,,0,
Mangochi District,Mulibwanji Hospital,hssPGd3NwLP,,0,
Mangochi District,Namalaka Health Centre,Oa576T0QBGd,,0,
Mangochi District,Namwera Health Centre,GnajKdbpo3W,,0,
Mangochi District,Nancholi Dispensary,VhpU7EGzBJT,,0,
Mangochi District,Nangalamu Health Centre,kYPEGjF1O95,,0,
Mangochi District,Nankhwali Health Centre,pVBCgmsWrep,,0,
Mangochi District,Nankumba Health Centre,yqdtjHVFlX6,,0,
Mangochi District,Ngapani Health Centre,BnKqG2uYnvo,,0,
Mangochi District,Nkope Health Centre,n9LA0XRyxO8,,0,
Mangochi District,Phirilongwe Health Centre,eo7lcB8Ym2m,,0,
Mangochi District,Sinyala Health Centre,mrgOpXBNr03,,0,
Mangochi District,Sister Martha Hospital,UDfvS6pQ7rl,,0,
Mangochi District,Somba Health Centre,KP0ZYu7wKA2,,0,
Mangochi District,St Martins Mission Hospital,tPXxdug2bBb,,0,
Mchinji District,Chioshya Health Centre,u5qJvAN5dXE,,0,
Mchinji District,Chipumi Health Centre,oPNNclsetJW,,0,
Mchinji District,Guillime Mission Hospital,twSgjN9o4FD,,0,
Mchinji District,Gumba Health Centre,EV4znaANkrT,,0,
Mchinji District,Home Of Hope Clinic,FIyHKmpp6Bs,,0,
Mchinji District,Kaigwazanga Health Centre,KbKPCEpagq8,,0,
Mchinji District,Kapanga Health Centre,bGbujZLUUeM,,0,
Mchinji District,Kapiri Mission Hospital,xBImGT03o3c,,0,
Mchinji District,Kochilira Health Centre,sC893DrQe52,,0,
Mchinji District,Ludzi St Josephs Health Centre,hporSw5hajd,,0,
Mchinji District,Mchinji District Hospital Mwai Clinic,x2KSWjnbZP2,,0,
Mchinji District,Mikundi Health Centre,R0V91Oy3zMp,,0,
Mchinji District,Mkanda Health Centre,OMc1bpufA8p,,0,
Mchinji District,Nkhwazi Health Centre,oNsNitrTVEk,,0,
Mchinji District,Tembwe Health Centre,YuLfiSDragY,,0,
Mulanje District,Bondo Health Centre,yOl1A3B8XPT,,0,
Mulanje District,Chambe Health Centre,W8VLKHCXyi2,,0,
Mulanje District,Chinyama Health Centre,czrJydKWpix,,0,
Mulanje District,Chisitu Health Centre,J65NwYcaOUS,,0,
Mulanje District,Chonde Health Centre,qpoiqLbt62x,,0,
Mulanje District,Dzenje Maternity,kgbGcndnc5j,,0,
Mulanje District,Friends Of Mulanje (fomo),swpiQQAxtrN,,0,
Mulanje District,Kambenje Health Centre,AVwjDE8mDRK,,0,
Mulanje District,Lujeri Health Centre,mXUiZRDY2fT,,0,
Mulanje District,Mbiza Health Centre,ycP81nJei2m,,0,
Mulanje District,Milonde Health Centre,X4WXtwY28IM,,0,
Mulanje District,Mimosa Dispensary,DIg9ZFJWDIi,,0,
Mulanje District,Minimini Dispensary,hNJ4kE7afZ4,,0,
Mulanje District,Mkomaola Health Centre,pX5iOYPs4ll,,0,
Mulanje District,Mpala Health Centre,xfPgYGLHJtl,,0,
Mulanje District,Mulanje District Hospital,gqQfhAquVRy,,0,
Mulanje District,Mulanje Mission Hospital,jOigxlHn6sz,,0,
Mulanje District,Mulomba Health Centre,GMfQzHxQBNi,,0,
Mulanje District,Muloza Health Centre,kgmarxcvigO,,0,
Mulanje District,Namasalima Health Centre Mulanje,s5HNGZBXlrJ,,0,
Mulanje District,Namphungo Health Centre,KKfoimiNFuO,,0,
Mulanje District,Namulenga Health Centre,H0n14N138N5,,0,
Mulanje District,Naphimba Health Centre,sGiUmvy0q1L,,0,
Mulanje District,Ruo Dispensary,qgMCCl85U1d,,0,
Mulanje District,Thembe Health Centre,gHUV1UQt9ay,,0,
Mulanje District,Thuchila Health Centre,zr615xMeVuU,,0,
Mwanza District,Kunenekude Health Centre,E7mhFdrhmyz,,0,
Mwanza District,Mwanza District Hospital,AA6WP2jTCQ0,,0,
Mwanza District,Thambani Health Centre,F1YbyZP8lDo,,0,
Mwanza District,Tulonkhondo Health Centre,Ms58jbttbVf,,0,
Mzimba District,Blm Mzimba,l8jtVAhfYjn,,0,
Mzimba District,Bulala Health Centre,iiuiZNbnIcQ,,0,
Mzimba District,Bwengu Health Centre,bkbANerBrdE,,0,
Mzimba District,Care Medical Clinic,yPaLSWwI8co,,0,
Mzimba District,Chikangawa Health Centre,pw0Q19Wtfsq,,0,
Mzimba District,Choma Health Centre,ySs6eUVttLk,,0,
Mzimba District,Dr Msachi's Clinic,gUugX5tZQwO,,0,
Mzimba District,Edingeni Health Centre,JRm4SfhWTBB,,0,
Mzimba District,Ehehleni Dispensary,sFU7PVXq8bV,,0,
Mzimba District,Ekwendeni Mission Hospital,MBtXnDVnFoo,,0,
Mzimba District,Embangweni Mission Hospital,Np18XLmoTi3,,0,
Mzimba District,Emfeni Health Centre,tzIsqxUgjF9,,0,
Mzimba District,Emsizini Health Centre,GItpYoRED5r,,0,
Mzimba District,Endindeni Health Centre,bToMYSdHdIC,,0,
Mzimba District,Engucwini Health Post,JS5CkxAezHV,,0,
Mzimba District,Enukweni Health Centre,DL0RzNvWc8x,,0,
Mzimba District,Enukweni Mission Health Centre,hQDQ9p314xX,,0,
Mzimba District,Escom Clinic Mzuzu,O38Vm0ZIhls,,0,
Mzimba District,Euthini Community Hospital,SuHvockoMsj,,0,
Mzimba District,Fpam Clinic Mzuzu,sypRmFcbHDy,,0,
Mzimba District,Hoho Health Centre,QCZ40V9nrxL,,0,
Mzimba District,Jenda Health Centre,WHKNo1iVYWb,,0,
Mzimba District,Kabuwa Health Centre,srt3S3pQCUJ,,0,
Mzimba District,Kabwafu Health Centre,uj4JN5aH2KH,,0,
Mzimba District,Kafukule Health Centre,PUVjzvtUVvk,,0,
Mzimba District,Kalikumbi Health Centre,LbLo48m73Zz,,0,
Mzimba District,Kamteteka Health Centre,N73eMlEcpmg,,0,
Mzimba District,Kamwe Health Centre,qEXK07SLewT,,0,
Mzimba District,Katete Community Hospital,hJCf5gnvYEj,,0,
Mzimba District,Kaweche Health Centre,CAa7YF88v8Y,,0,
Mzimba District,Khosolo Health Centre,GNHJyrQB4Vj,,0,
Mzimba District,Khuyukuyu Health Centre,dAlW5nx9rFD,,0,
Mzimba District,Lunjika Health Centre,dnDoSvBrIyz,,0,
Mzimba District,Luvwere Health Centre,FIXIW0emUku,,0,
Mzimba District,Luwawa Health Centre,yMrRr635Ix4,,0,
Mzimba District,Luwelezi Health Centre,wfs0t0GV0DB,,0,
Mzimba District,Luzi Health Centre,ek8FVlpYSGD,,0,
Mzimba District,Mabiri Health Centre,HAozQhNEr3I,,0,
Mzimba District,Macro Mzuzu,UUINLNmrUdl,,0,
Mzimba District,Madede Health Centre,hzMDdLD5wFt,,0,
Mzimba District,Malidadi Health Centre,Vz4DfhGr9xC,,0,
Mzimba District,Manolo Health Centre,Ssrxtf2EufQ,,0,
Mzimba District,Manyamula Health Centre,l4Kk3mw67Qp,,0,
Mzimba District,Masm Medi Clinic Katoto,h9TgQnw0ghO,,0,
Mzimba District,Matuli Health Centre,kyvGVwmv6eH,,0,
Mzimba District,Mbalachanda Health Centre,ehdCGbqqPAr,,0,
Mzimba District,Mhalaunda Health Centre,BSM50GhppBH,,0,
Mzimba District,Mkoma Health Centre,cRAtPhuY5yk,,0,
Mzimba District,Mpherembe Health Centre,xUgMPZmpwkd,,0,
Mzimba District,Msese Health Centre,Ap5IkB27f4z,,0,
Mzimba District,Mtende Health Centre,QOceD7c8euY,,0,
Mzimba District,Mtwalo Health Centre,X1agUrmzqrJ,,0,
Mzimba District,Mzalangwe Health Centre,XcLTQolEX3q,,0,
Mzimba District,Mzambazi Community Hospital,reKGvEuULLY,,0,
Mzimba District,Mzimba District Hospital,r5Tgz1BrOXR,,0,
Mzimba District,Mzuzu Central Hospital Rainbow Clinic,uwAFEuGIJQZ,,0,
Mzimba District,Mzuzu Central Prison,hIrQHFER9IL,,0,
Mzimba District,Mzuzu Health Centre,Sr4Cd4JzubQ,,0,
Mzimba District,Mzuzu University Clinic,tSbukMcBdMm,,0,
Mzimba District,Njuyu Health Centre,co1g19KUtHe,,0,
Mzimba District,Nkhorongo Health Centre,MA5G7obfRFK,,0,
Mzimba District,Raiply Clinic,tLydIF2Bb1R,,0,
Mzimba District,St John Of God Clinic,eZYojrDaJTM,,0,
Mzimba District,St John's Mission Hospital,rXrIndMDaQ7,,0,
Mzimba District,Sunrise Private Clinic,mgrlZcFs0jl,,0,
Mzimba District,Thunduwike Health Centre,zScZoiKyxtF,,0,
Mzimba District,Vibangala Dispensary,ntSDECl6Ipe,,0,
Mzimba District,Wezi Medical Centre,Am5h5pS4xwi,,0,
Neno District,Chifunga Health Centre,aSpfpCrHZAO,,0,
Neno District,Dambe Health Centre,jRSNnMJRf81,,0,
Neno District,Fpam Clinic Neno,iuZ1p8wcNUL,,0,
Neno District,Ligowe Health Centre,CwSQYN1ebDY,,0,
Neno District,Lisungwi Community Hospital,jzDt2gkLtcw,,0,
Neno District,Luwani Health Centre,fLJNExU0Phi,,0,
Neno District,Magareta Health Centre,htzYTXpt0Hs,,0,
Neno District,Matandani Health Centre,hSrjKkd9fpk,,0,
Neno District,Matope Health Centre,fVIVAvSQjZ6,,0,
Neno District,Midzemba Health Centre,Im51bTdfLVY,,0,
Neno District,Msambe Health Centre,oucBvXvAh8p,,0,
Neno District,Neno District Hospital,Z8V0WJ1wLng,,0,
Neno District,Neno Parish Health Centre,DcWni9Bs75l,,0,
Neno District,Nkula Health Centre,djMMQtH1rpf,,0,
Neno District,Tedzani Escom Clinic,nLh1nzHRhl8,,0,
Neno District,Zalewa Pih,XwiBBufZGaL,,0,
Nkhata Bay District,Bula Health Centre,xZNh9hhxln3,,0,
Nkhata Bay District,Chesamu Health Centre,BfELNpy6g9l,,0,
Nkhata Bay District,Chikwina Health Centre,KsxjzAhTt56,,0,
Nkhata Bay District,Chilambwe Health Centre,YkNXwEhz4x1,,0,
Nkhata Bay District,Chintheche Rural Hospital,cHtqxFaXdZc,,0,
Nkhata Bay District,Chisala Health Centre,VWEu8CkUwz2,,0,
Nkhata Bay District,Chitheka Health Centre,k28Tj1gZg4Z,,0,
Nkhata Bay District,Kachere Health Centre,hkaURmD3YKi,,0,
Nkhata Bay District,Kande Health Centre,Sc82sk85bGb,,0,
Nkhata Bay District,Kavuzi Health Centre,QQWwgnUvcZa,,0,
Nkhata Bay District,Khondowe Health Centre,FCsaBRAvcTp,,0,
Nkhata Bay District,Liuzi Health Centre,KpgwS8qx4Gl,,0,
Nkhata Bay District,Luwazi Health Centre,Y3ITc5prklZ,,0,
Nkhata Bay District,Maula Health Centre,V1itqZpwavc,,0,
Nkhata Bay District,Mpamba Health Centre,xcsC1a31ldk,,0,
Nkhata Bay District,Mzenga Health Centre,BE7rWgNHf4p,,0,
Nkhata Bay District,Nkhatabay District Hospital,MT7qPBQ8crc,,0,
Nkhata Bay District,Nkhatabay Private Clinic,pJYmfigA7zy,,0,
Nkhata Bay District,Nthungwa Health Centre,XaUJh30TNUt,,0,
Nkhata Bay District,Usisya Health Centre,bGRRz3lMi2u,,0,
Nkhotakota District,Alinafe Community Hospital,Ri3U8BJXlBU,,0,
Nkhotakota District,Benga Health Centre,IJtpfefIq9K,,0,
Nkhotakota District,Bua Health Centre,fi6DlZSMw2N,,0,
Nkhotakota District,Chididi Health Centre Nkhotakota,XU3pGZGuiAG,,0,
Nkhotakota District,Dwambazi Rural Hospital,uSp1Jo9xegs,,0,
Nkhotakota District,Dwangwa Cane Growers Association Clinic,L2pMEajddfk,,0,
Nkhotakota District,Dwangwa Matiki Clinic,qvGWMA6E1rw,,0,
Nkhotakota District,Kapili Health Centre,F8YSZwT2WAv,,0,
Nkhotakota District,Kasitu Health Centre,KGOIHyJJded,,0,
Nkhotakota District,Katimbira Health Centre,pe199k2ypfQ,,0,
Nkhotakota District,Liwaladzi Health Centre,K3orp1G4WtY,,0,
Nkhotakota District,Malowa Health Centre,FU9elivqj72,,0,
Nkhotakota District,Mazunga Private Clinic,YHw0cD6ehmP,,0,
Nkhotakota District,Mpamantha Health Centre,RZP4LpBmFXN,,0,
Nkhotakota District,Msenjere Health Centre,hllI4QMCEU5,,0,
Nkhotakota District,Mtosa Health Centre,Aw8Sm2Mpk9v,,0,
Nkhotakota District,Mwansambo Health Centre,BgzqcYoUI8y,,0,
Nkhotakota District,Ngala Health Centre,Nq6bJ61KWOO,,0,
Nkhotakota District,Nkhotakota District Hospital,uNz5ekCijnU,,0,
Nkhotakota District,Nkhunga Health Centre,KG3FaVMW3SS,,0,
Nkhotakota District,St Anne's Mission Hospital,ZKqym8BRuE5,,0,
Nkhotakota District,World Medical Fund,g4Xg7pMP51a,,0,
Nsanje District,Chididi Health Centre Nsanje,QAX7yvnDcix,,0,
Nsanje District,Kalemba Community Hospital,KHB0C6Dnmgt,,0,
Nsanje District,Lulwe Health Centre,qy0D4c2qRrq,,0,
Nsanje District,Makhanga Health Centre,P1lYZbJkiWg,,0,
Nsanje District,Masenjere Health Centre,ZCUSGL5FwWS,,0,
Nsanje District,Mbenje Health Centre,OZJBSOAO1za,,0,
Nsanje District,Ndamera Health Centre,d9TXEF9PPEC,,0,
Nsanje District,Nsanje District Hospital,I1IKjirA4DN,,0,
Nsanje District,Nyamithuthu Health Centre,GrMqOGNyaet,,0,
Nsanje District,Phokera Health Centre,J7azwFWzeI9,,0,
Nsanje District,Sankhulani Health Centre,cEzVKmPEV3H,,0,
Nsanje District,Sorgin Health Centre,AXaQpsSlVSp,,0,
Nsanje District,Tengani Health Centre,ki9KAc2d4WX,,0,
Nsanje District,Tikondane Private Clinic,mqQZb32wn07,,0,
Nsanje District,Trinity Mission Hospital,FojAN9udM3t,,0,
Ntcheu District,Bilira Health Centre,AYfdNGbAFLm,,0,
Ntcheu District,Biriwiri Health Centre,ke2bnddubqh,,0,
Ntcheu District,Bwanje Health Centre,zvI3UqxYBvy,,0,
Ntcheu District,Champiti Health Centre,uocmnfr15A7,,0,
Ntcheu District,Chigodi Health Centre,nX3p0L6Xc9K,,0,
Ntcheu District,Chikande Health Centre,fsi4qmxD18c,,0,
Ntcheu District,Doviko Dispensary,wlzhRXafUWG,,0,
Ntcheu District,Dzunje Dispensary,S319m0v61jG,,0,
Ntcheu District,Fpam Clinic Ntcheu,oiKtDL2lT9Z,,0,
Ntcheu District,Ganya Health Centre,qBKZE7TPMEY,,0,
Ntcheu District,Gowa Heath Centre,ALsfFDBGWhP,,0,
Ntcheu District,Kalimanjira Health Centre,m0BCwbSWykq,,0,
Ntcheu District,Kandeu Health Centre,XBjl1orkCoK,,0,
Ntcheu District,Kapeni Health Centre,JUbYjb4D139,,0,
Ntcheu District,Kasinje Health Centre,oDjt5ho0N0L,,0,
Ntcheu District,Katsekera Health Centre,oGCiiMiGpAD,,0,
Ntcheu District,Lakeview Health Centre,u5IeQLcxaVP,,0,
Ntcheu District,Lizulu Health Centre,Lc2vrYwhp9n,,0,
Ntcheu District,Manjawira Maternity,ILzJYf9KWZo,,0,
Ntcheu District,Masasa Health Centre,PsNAhE80miu,,0,
Ntcheu District,Matanda Health Centre,oyc6kzZBAXy,,0,
Ntcheu District,Mlanda Health Centre,JRIKXzT3eGf,,0,
Ntcheu District,Mlangeni Health Centre,MFFdQ9DfNS3,,0,
Ntcheu District,Mphepozinai Dispensary,XBPNKKNlKg5,,0,
Ntcheu District,Mtonda Health Centre,EnVk6iRSZbs,,0,
Ntcheu District,Nsipe Health Centre,q3Ajqxf1Lnk,,0,
Ntcheu District,Nsiyaludzu Health Centre,aR7Dw2XslKs,,0,
Ntcheu District,Ntcheu District Hospital,V8AN1xsSw5c,,0,
Ntcheu District,Nzama Health Centre,xIPGO5amiKq,,0,
Ntcheu District,Senzani Health Centre,Hk3BgTs9DYu,,0,
Ntcheu District,Sharpe Valley Health Centre,Tvdruz711yY,,0,
Ntcheu District,Sister Theresa Community Hospital Mikoke,nGhtGMHsV8E,,0,
Ntcheu District,Tsangano Health Centre,Z4GcT8fJrtp,,0,
Ntchisi District,Chinguluwe Health Centre Ntchisi,gsFF5PeUyOu,,0,
Ntchisi District,Chinthembwe Health Centre,dndkMb3NxbB,,0,
Ntchisi District,Kangolwa Health Centre,JWY4JfFD62S,,0,
Ntchisi District,Kansonga Health Centre Ntchisi,tT9gknrFpna,,0,
Ntchisi District,Khuwi Health Centre,EBHHifM07j5,,0,
Ntchisi District,Malambo St Theresa Health Centre,E7QZkTmniIb,,0,
Ntchisi District,Malomo Health Centre,sjiCx46o6wB,,0,
Ntchisi District,Mkhuzi Health Centre,RLyMLZTY3MK,,0,
Ntchisi District,Mpherere Health Centre,jMFzmauBvZM,,0,
Ntchisi District,Mzandu Health Centre,DItwnl2NpzD,,0,
Ntchisi District,Ntchisi District Hospital,aslCUXo6KVY,,0,
Ntchisi District,Nthondo Health Centre,D5aR84NLW2R,,0,
Phalombe District,Chiringa Cham Health Centre,Hpyi7uZXoTg,,0,
Phalombe District,Chiringa Maternity,iPYZzzO0VV8,,0,
Phalombe District,Chitekesa Health Centre,C7GpxtvbTrl,,0,
Phalombe District,Kalinde Health Centre,MZNemvjBjSa,,0,
Phalombe District,Migowi Health Centre,rccWTlNjQqi,,0,
Phalombe District,Mpasa Health Centre,dipHtmaP5OB,,0,
Phalombe District,Mulungu Alinafe Clinic,QVUxeWWLJNt,,0,
Phalombe District,Mwanga Health Centre,lm979xWH4eZ,,0,
Phalombe District,Nambazo Health Centre,V5cAQ1G3m0U,,0,
Phalombe District,Nazombe Health Centre (gogo Nazombe),SkViBNqPSLv,,0,
Phalombe District,Nkhulambe Health Centre,UPA214qteDL,,0,
Phalombe District,Nkhwayi Health Centre,f4r1qQ6FYc6,,0,
Phalombe District,Phalombe Health Centre,RfahG3JcLRK,,0,
Phalombe District,Phalombe Mission Hospital Holy Family,jHKaHfhiCjl,,0,
Phalombe District,Sukasanje Health Centre,tZDFam1brfJ,,0,
Rumphi District,Blm Rumphi,l8rU1WP0Cyp,,0,
Rumphi District,Bolero Rural Hospital,tWgRU2dr21g,,0,
Rumphi District,Chitimba Health Centre,M9ceyjPQTbD,,0,
Rumphi District,Eva Demaya Centre,IeSRbH8BYv9,,0,
Rumphi District,Katowo Health Centre,a6nfqAmJn1X,,0,
Rumphi District,Livingstonia Mission Hospital,Ob9RgYVKiFY,,0,
Rumphi District,Lura Health Centre,gxMz2wTCJHF,,0,
Rumphi District,Luwuchi Health Centre,EMwiSyprOdn,,0,
Rumphi District,Mhuju Rural Hospital,aEshD2y6PSI,,0,
Rumphi District,Mlowe Health Centre,gyfElwXdPKs,,0,
Rumphi District,Mphompha Health Centre,JELnogPTMWP,,0,
Rumphi District,Mwazisi Health Centre,loBGZ0YkLHa,,0,
Rumphi District,Mzokoto Health Centre,Ql3u2JMAy50,,0,
Rumphi District,Ng'onga Health Centre,lOtyRUGz7Av,,0,
Rumphi District,Nthenje Dispensary,eLzY7zaEued,,0,
Rumphi District,Rumphi District Hospital,EVpz8qwbgZl,,0,
Salima District,Chagunda Health Centre,Yk6jW8c1GM3,,0,
Salima District,Chinguluwe Health Centre Salima,OaUbd5TnnT4,,0,
Salima District,Chipoka Health Centre,uPLGRCkl1wT,,0,
Salima District,Chitala Health Centre,nuiSkVOrPBj,,0,
Salima District,Kaphatenga Health Centre,K7y3PfYwwS9,,0,
Salima District,Katawa Health Centre,SwsE7VzcNRF,,0,
Salima District,Khombedza Health Centre,xPimJOgzXq1,,0,
Salima District,Life Line Salima Health Centre,a0hddzQ2nu1,,0,
Salima District,Lifuwu Health Centre,uzFhS0wnfbi,,0,
Salima District,Maganga Health Centre,QAZreSLY0VU,,0,
Salima District,Makiyoni Health Centre,CP3rkw79RjC,,0,
Salima District,Mchoka Health Centre,kRceVOmcbBP,,0,
Salima District,Ngodzi Health Centre,CJ8CAFCVNSV,,0,
Salima District,Salima District Hospital,Pi1UjlChKSI,,0,
Salima District,Senga Bay Baptist Medical Clinic,JqUkCByf5dO,,0,
Salima District,Thavite Health Centre,POCcMPxgujR,,0,
Thyolo District,Amalika Health Centre,pdzbnJ8bH11,,0,
Thyolo District,Bvumbwe Research Health Centre,CbdsaUmWT3W,,0,
Thyolo District,Changata Health Centre,yurjJg0e16D,,0,
Thyolo District,Chimaliro Health Centre,q9wXsA6Avl1,,0,
Thyolo District,Chimvu Health Centre,Ql0LUH1AncG,,0,
Thyolo District,Chingazi Health Centre,eJ9HefKDTpy,,0,
Thyolo District,Chipho Health Centre,PuLwwC9K3K4,,0,
Thyolo District,Chisoka Health Centre,foqCO4wO18v,,0,
Thyolo District,Didi Health Centre,hGunAZ21PQ0,,0,
Thyolo District,Gombe Health Centre,gHmy8eIB8Gl,,0,
Thyolo District,Hallena Oakley Ntambanyama Health Centre,nBXpm1FLg3E,,0,
Thyolo District,Khonjeni Health Centre,yRbYQYdutRc,,0,
Thyolo District,Makapwa Health Centre,cvm3VJ3Ya4a,,0,
Thyolo District,Makungwa Health Centre,AupHjOUJVUr,,0,
Thyolo District,Makwasa Estate Clinic,rcOS4KaYXkn,,0,
Thyolo District,Malamulo Mission Hospital,Xz5I3NFQpuA,,0,
Thyolo District,Mangunda Health Centre,G9rkxjQMexD,,0,
Thyolo District,Mapanga Maternity,xLwSIpiVOci,,0,
Thyolo District,Mchima Clinic,ZKnZNkzvn0v,,0,
Thyolo District,Mianga Health Centre,XPA50b4976g,,0,
Thyolo District,Mikolongwe Health Centre,A9zi9wsYXSZ,,0,
Thyolo District,Mitengo Health Centre St Joseph,xOamq1O6NTu,,0,
Thyolo District,Naming'omba Health Centre,SJMX2gGWKh1,,0,
Thyolo District,Sambankhanga Health Centre,m2e7PwJ0ggs,,0,
Thyolo District,Satemwa Clinic,zvMzDGzgTNQ,,0,
Thyolo District,St Martins Molere Health Centre,YNw7Jlxsws5,,0,
Thyolo District,Thekerani Health Centre,j7oWYfjLite,,0,
Thyolo District,Thomasi Health Centre,RfxgtfJWJ1Y,,0,
Thyolo District,Thunga Health Centre,FaF1vFfemAE,,0,
Thyolo District,Thyolo District Hospital,YV3LVhStyUl,,0,
Thyolo District,Zoa Health Centre,iMQUUgdq27X,,0,
Zomba District,Ahi Private Clinic,TzxtAm1ntnr,,0,
Zomba District,Bimbi Health Centre,H7RenqME6Rm,,0,
Zomba District,Blm Zomba,J4p15FefyUz,,0,
Zomba District,Chamba Health Centre,IwFPXPs2by9,,0,
Zomba District,Chancellor College Clinic,yDCTF6eiybR,,0,
Zomba District,Chilipa Health Centre Zomba,GlwlEYZWWWD,,0,
Zomba District,Chinamwali Private Clinic,wirVwEbq1i0,,0,
Zomba District,Chingale Health Centre,zZGCfI9B3FL,,0,
Zomba District,Chipini Health Centre,fGun3kstL33,,0,
Zomba District,City Clinic Zomba,ZOd4kxqjY0y,,0,
Zomba District,Domasi Rural Hospital,QeRScvVxi0E,,0,
Zomba District,H. Parker Sharp Health Centre (domasi Ccap),R7gtAZxucCN,,0,
Zomba District,Lambulira Health Centre,OsG6vI7sma3,,0,
Zomba District,Likangala Health Centre,H9wqbXxmhGh,,0,
Zomba District,Machinjiri Health Centre,msbk5PsdVtB,,0,
Zomba District,Maera Health Centre,poOBCwgcQAo,,0,
Zomba District,Magomero Health Centre,dPoeA42WzkL,,0,
Zomba District,Makwapala Health Centre,OH4U0MmQFJr,,0,
Zomba District,Masm Medi Clinic Zomba,zlZXz8QLiCf,,0,
Zomba District,Matawale Health Centre,ME4zTc4C97J,,0,
Zomba District,Matiya Health Centre,OTKAsl6wDTa,,0,
Zomba District,Mayaka Health Centre,YuwcdDjLDy7,,0,
Zomba District,Mmambo Health Centre,JymoOVbEHhL,,0,
Zomba District,Mwandama Health Centre,fHEzfOkh20m,,0,
Zomba District,Naisi Health Centre,FfOJJA3OlnL,,0,
Zomba District,Namadidi Health Centre,JC0IT3hX03T,,0,
Zomba District,Namasalima Health Centre Zomba,MF241anKthR,,0,
Zomba District,Namikango Health Centre,QvYSxTwTKK9,,0,
Zomba District,Nasawa Health Centre,dSCBcP1LjNs,,0,
Zomba District,Ngwelero Health Centre,o68TyCCcCfO,,0,
Zomba District,Nkasala Health Centre,qK5gcwsFR2a,,0,
Zomba District,Pirimiti Health Centre,ZdhOJhrgBgr,,0,
Zomba District,Police College Hospital Zomba,JUzvAfEwWJz,,0,
Zomba District,Sadzi Health Centre,Osgkud4Ct59,,0,
Zomba District,St Lukes Mission Hospital,N1lNO8D9oeb,,0,
Zomba District,Thondwe Health Centre,v4OraIPvUyk,,0,
Zomba District,Zilindo Health Centre,ZBXdtnT9xN9,,0,
Zomba District,Zomba Central Hospital Tisungane Clinic,C7SiTPhdm9J,,0,
Zomba District,Zomba Central Prison Clinic,EokCmUhxeor,,0,
Zomba District,Zomba Mental Hospital,MGcXGfl24fN,,0,
